{"AUC":0.85265, "TP":190, "TN":894, "took":206.43, "loss":0.85513}
