{"AUC":0.85265, "TP":191, "TN":894, "took":206.43, "loss":0.85513}
